{"train_loss":1.740941925048828,"_runtime":12.250086202,"accuracy":{"accuracy":0.1588447653429603},"f1":{"f1":0.23171432940336867},"epoch":0,"_timestamp":1.7347167918950152e+09,"_wandb":{"runtime":17},"specificity":{"specificity":0.8416342925685073},"_step":25,"precision":{"precision":0.7842796800041264},"recall":{"recall":0.1588447653429603},"confusion_matrix_table":{"_latest_artifact_path":"wandb-client-artifact://rpkvcxsbfh20nhrz9s53z8ou9owd0rgk8rjnjxa6iug06728winpbdhhh2378r4admvnlc7r4vpz0665r47ac31apfxjy7l8v9hwd5ejg75iuwa7xhhrpmtnvqvd6qxr:latest/confusion_matrix_table.table.json","path":"media/table/confusion_matrix_table_25_c5f3525d1b63c1e3d191.table.json","ncols":3,"nrows":36,"_type":"table-file","sha256":"c5f3525d1b63c1e3d1916acffa9608f92757cd4259d31bc9f76b6351d2e26868","size":1220,"artifact_path":"wandb-client-artifact://hjyvs7xk54q11zgbmolfp1ho0ni5v51ra4hbl4efyf1rjgxlif7e6wr4wi0mit4acvpsrcconkk0a5mv6ptlvmk0oa78hviizfpvil0nfixvrz9sgiplta8f4849ercj/confusion_matrix_table.table.json"},"step":25}