{"precision":{"precision":0.8714728826922279},"_step":2500,"_wandb":{"runtime":1095},"step":2500,"train_loss":0.2593907165527344,"accuracy":{"accuracy":0.9025270758122743},"f1":{"f1":0.8768239845761681},"epoch":99,"specificity":{"specificity":0.8713220058019063},"_runtime":1095.68153659,"confusion_matrix_table":{"size":1217,"artifact_path":"wandb-client-artifact://fp4s18p6s88bbpigon1kmhbwbhomo9i2pxkueh8nsk94jmpi0tmw9iggey10ilqmcby4xgqvtkcrzz4cm1xnjy9hmiq76vsqkjphh7l0p9ti8scd9j7b3d37lc0l9ree/confusion_matrix_table.table.json","_latest_artifact_path":"wandb-client-artifact://1m2h4f1en8kz2iu3eaqeo8j9n6wva6ukl426410hbv8qrtwg9t55rwm03gieazz9i6v998sa36a1nog2u8hnod5vcnjo7jcvz2iylostaw0vqrk87ztgjaf0x9ehd11z:latest/confusion_matrix_table.table.json","path":"media/table/confusion_matrix_table_2500_593eab957095aefc8787.table.json","ncols":3,"nrows":36,"_type":"table-file","sha256":"593eab957095aefc878743b50cab273412fb23ef0225884385e865e4d195c845"},"recall":{"recall":0.9025270758122743},"_timestamp":1.7346308593029943e+09}