{"accuracy":{"accuracy":0.9025270758122743},"f1":{"f1":0.8768239845761681},"precision":{"precision":0.8714728826922279},"step":2500,"_wandb":{"runtime":1058},"train_loss":0.2593820381164551,"confusion_matrix_table":{"size":1217,"artifact_path":"wandb-client-artifact://weinjmb5mfdz0svk1vt1mcnczisg9cbat2r9uv8yqvyoogfrhvp48di1nufsjctvc5zk2hwponm6lmag9nznb0tlqk3fhv8ochikvat7ioqkocdbtroi70e92fiag0pu/confusion_matrix_table.table.json","_latest_artifact_path":"wandb-client-artifact://o7w007hhkurecbyj8tj70az93eva0awz97gvjq9iao9byhb5rma7oi1g2qzwdr60arzfytcnb0rce2mfkel3t27hxpycdtrq4nw5irb9vkqn9tln95iwomvtu5xwpimj:latest/confusion_matrix_table.table.json","path":"media/table/confusion_matrix_table_2500_593eab957095aefc8787.table.json","ncols":3,"nrows":36,"_type":"table-file","sha256":"593eab957095aefc878743b50cab273412fb23ef0225884385e865e4d195c845"},"_runtime":1058.284498369,"recall":{"recall":0.9025270758122743},"_step":2500,"_timestamp":1.7346258950212932e+09,"epoch":99}