{"train_loss":1.7409432983398438,"_wandb":{"runtime":11},"epoch":0,"_runtime":11.70642559,"_step":25,"recall":0.1588447653429603,"accuracy":0.1588447653429603,"precision":0.7842796800041264,"_timestamp":1.734622731843988e+09,"f1":0.23171432940336867,"step":25}