{"train_loss":1.74093994140625,"f1":{"f1":0.23171432940336867},"step":25,"_wandb":{"runtime":11},"precision":{"precision":0.7842796800041264},"_runtime":11.489899031,"_step":25,"confusion_matrix_table":{"path":"media/table/confusion_matrix_table_25_c5f3525d1b63c1e3d191.table.json","ncols":3,"nrows":36,"_type":"table-file","sha256":"c5f3525d1b63c1e3d1916acffa9608f92757cd4259d31bc9f76b6351d2e26868","size":1220,"artifact_path":"wandb-client-artifact://3vu92f0sson5xt99xlb9xzquej0f37gae6mzp65v4f5qc3qqh3sgvp81z7kptwi8xch9bzvorpfbx12pqsy40qmzsj7oo5zhofx4fmt8qjbcr19wrmvi9jcg1xamd8ca/confusion_matrix_table.table.json","_latest_artifact_path":"wandb-client-artifact://jk8md3e17j4i38cnxlq4z14daifpv6s10jssxzptrzspxd5wumhv6nb0yordxyl91msky0vt8w0lqw3svpkooxm804kz445dpqs8l2bs2zkbeype7nxpkqnvlgj3yjld:latest/confusion_matrix_table.table.json"},"_timestamp":1.734624694038967e+09,"recall":{"recall":0.1588447653429603},"accuracy":{"accuracy":0.1588447653429603},"epoch":0}