{"eval_accuracy": 0.9025270758122743, "eval_precision": 0.8714728826922279, "eval_recall": 0.9025270758122743, "eval_f1": 0.8768239845761681, "eval_specificity": 0.8713220058019063}